{
  "blendblocks": {},
  "pbs": {
    "shirt": {
      "diffuse": {
        "value": [
          0.35831743478775024,
          0.08819905668497086,
          0.01410090271383524
        ]
      },
      "metalness": {
        "value": 0.0
      },
      "roughness": {
        "value": 0.5
      },
      "specular": {
        "value": [
          1.0,
          1.0,
          1.0
        ]
      },
      "two_sided": true,
      "workflow": "metallic"
    }
  }
}